{"loss": 10720.138671875, "_timestamp": 1672920620.3417091, "_runtime": 248.01542115211487, "_step": 3000, "gradients/Decoder.FC_output.bias": {"_type": "histogram", "values": [1.0, 3.0, 0.0, 0.0, 0.0, 1.0, 1.0, 3.0, 2.0, 1.0, 1.0, 2.0, 4.0, 4.0, 1.0, 3.0, 2.0, 6.0, 3.0, 8.0, 5.0, 6.0, 7.0, 8.0, 8.0, 9.0, 15.0, 16.0, 11.0, 19.0, 29.0, 24.0, 28.0, 36.0, 301.0, 44.0, 28.0, 27.0, 19.0, 12.0, 9.0, 8.0, 11.0, 7.0, 5.0, 7.0, 4.0, 7.0, 4.0, 3.0, 4.0, 5.0, 1.0, 0.0, 2.0, 1.0, 1.0, 0.0, 3.0, 1.0, 1.0, 0.0, 0.0, 2.0], "bins": [-7.471879482269287, -7.253377437591553, -7.034875869750977, -6.816373825073242, -6.597872257232666, -6.379370212554932, -6.1608686447143555, -5.942366600036621, -5.723864555358887, -5.505362510681152, -5.286860942840576, -5.068358898162842, -4.849857330322266, -4.631355285644531, -4.412853240966797, -4.194351673126221, -3.9758501052856445, -3.7573482990264893, -3.538846492767334, -3.3203444480895996, -3.1018428802490234, -2.883340835571289, -2.664839029312134, -2.4463372230529785, -2.227835178375244, -2.009333372116089, -1.7908315658569336, -1.5723296403884888, -1.3538278341293335, -1.1353260278701782, -0.9168241024017334, -0.6983222961425781, -0.47982072830200195, -0.2613188922405243, -0.04281705617904663, 0.17568480968475342, 0.3941866159439087, 0.612688422203064, 0.8311903476715088, 1.049692153930664, 1.2681937217712402, 1.4866955280303955, 1.7051973342895508, 1.9236992597579956, 2.1422009468078613, 2.3607029914855957, 2.579204797744751, 2.7977066040039062, 3.0162086486816406, 3.234710454940796, 3.453212261199951, 3.6717143058776855, 3.8902158737182617, 4.108717918395996, 4.3272199630737305, 4.545721530914307, 4.764223098754883, 4.982725143432617, 5.201226711273193, 5.419728755950928, 5.638230323791504, 5.856732368469238, 6.075234413146973, 6.293735980987549, 6.512238025665283]}, "gradients/Decoder.FC_output.weight": {"_type": "histogram", "values": [1.0, 1.0, 1.0, 2.0, 1.0, 2.0, 3.0, 5.0, 5.0, 3.0, 14.0, 26.0, 35.0, 44.0, 67.0, 85.0, 121.0, 185.0, 247.0, 331.0, 428.0, 581.0, 778.0, 1057.0, 1391.0, 1728.0, 2288.0, 2978.0, 3885.0, 5023.0, 6512.0, 8530.0, 10678.0, 13838.0, 18372.0, 148056.0, 30955.0, 15191.0, 10223.0, 7468.0, 5583.0, 4313.0, 3325.0, 2417.0, 1836.0, 1318.0, 990.0, 759.0, 560.0, 364.0, 274.0, 214.0, 146.0, 100.0, 97.0, 57.0, 43.0, 21.0, 20.0, 11.0, 4.0, 3.0, 3.0, 3.0], "bins": [-13.627355575561523, -13.245491981506348, -12.863629341125488, -12.481765747070312, -12.099903106689453, -11.718039512634277, -11.336175918579102, -10.954313278198242, -10.572449684143066, -10.19058609008789, -9.808723449707031, -9.426859855651855, -9.04499626159668, -8.66313362121582, -8.281270027160645, -7.899406909942627, -7.517543792724609, -7.135680675506592, -6.753817558288574, -6.371953964233398, -5.990090847015381, -5.608227729797363, -5.2263641357421875, -4.84450101852417, -4.462637901306152, -4.080774784088135, -3.698911428451538, -3.3170480728149414, -2.935184955596924, -2.5533218383789062, -2.1714584827423096, -1.789595127105713, -1.407731056213379, -1.0258678197860718, -0.6440045833587646, -0.2621413469314575, 0.11972188949584961, 0.5015851259231567, 0.8834483623504639, 1.2653117179870605, 1.6471748352050781, 2.0290379524230957, 2.4109013080596924, 2.792764663696289, 3.1746277809143066, 3.556490898132324, 3.938354253768921, 4.320217609405518, 4.702080726623535, 5.083943843841553, 5.46580696105957, 5.847670555114746, 6.229533672332764, 6.611396789550781, 6.993260383605957, 7.375123500823975, 7.756986618041992, 8.138850212097168, 8.520712852478027, 8.902576446533203, 9.284439086914062, 9.666302680969238, 10.048166275024414, 10.430028915405273, 10.81189250946045]}, "gradients/Decoder.FC_hidden.bias": {"_type": "histogram", "values": [2.0, 0.0, 1.0, 1.0, 0.0, 0.0, 0.0, 0.0, 2.0, 0.0, 2.0, 6.0, 4.0, 2.0, 5.0, 3.0, 4.0, 8.0, 12.0, 10.0, 13.0, 21.0, 9.0, 21.0, 16.0, 21.0, 25.0, 16.0, 26.0, 21.0, 19.0, 19.0, 18.0, 15.0, 7.0, 4.0, 12.0, 8.0, 3.0, 9.0, 6.0, 8.0, 4.0, 2.0, 1.0, 3.0, 1.0, 3.0, 1.0, 1.0, 1.0, 1.0, 0.0, 0.0, 1.0, 0.0, 0.0, 0.0, 0.0, 0.0, 0.0, 1.0, 0.0, 1.0], "bins": [-19.448205947875977, -18.73737335205078, -18.02654266357422, -17.315710067749023, -16.604877471923828, -15.89404582977295, -15.18321418762207, -14.472381591796875, -13.761549949645996, -13.050718307495117, -12.339885711669922, -11.629054069519043, -10.918222427368164, -10.207389831542969, -9.49655818939209, -8.785726547241211, -8.074893951416016, -7.3640618324279785, -6.653229713439941, -5.9423980712890625, -5.231565952301025, -4.520733833312988, -3.8099021911621094, -3.0990700721740723, -2.3882389068603516, -1.677406907081604, -0.9665749073028564, -0.25574302673339844, 0.45508909225463867, 1.1659212112426758, 1.8767528533935547, 2.587584972381592, 3.298419952392578, 4.009252071380615, 4.720084190368652, 5.430915832519531, 6.141747951507568, 6.8525800704956055, 7.563411712646484, 8.27424430847168, 8.985076904296875, 9.695908546447754, 10.40674114227295, 11.117572784423828, 11.828405380249023, 12.539237022399902, 13.250068664550781, 13.960901260375977, 14.671731948852539, 15.382563591003418, 16.093395233154297, 16.804227828979492, 17.515060424804688, 18.22589111328125, 18.936723709106445, 19.64755630493164, 20.358386993408203, 21.0692195892334, 21.78005027770996, 22.490882873535156, 23.20171546936035, 23.912548065185547, 24.62337875366211, 25.334211349487305, 26.0450439453125]}, "gradients/Decoder.FC_hidden.weight": {"_type": "histogram", "values": [2.0, 0.0, 2.0, 2.0, 0.0, 2.0, 2.0, 4.0, 8.0, 7.0, 5.0, 12.0, 26.0, 20.0, 16.0, 35.0, 40.0, 48.0, 76.0, 81.0, 90.0, 116.0, 149.0, 178.0, 219.0, 253.0, 305.0, 341.0, 408.0, 426.0, 526.0, 502.0, 503.0, 462.0, 495.0, 451.0, 398.0, 327.0, 282.0, 236.0, 200.0, 163.0, 127.0, 106.0, 73.0, 66.0, 50.0, 40.0, 33.0, 18.0, 13.0, 16.0, 9.0, 8.0, 6.0, 3.0, 5.0, 2.0, 2.0, 1.0, 3.0, 0.0, 0.0, 1.0], "bins": [-21.742433547973633, -21.059955596923828, -20.377477645874023, -19.69499969482422, -19.012523651123047, -18.330045700073242, -17.647567749023438, -16.965089797973633, -16.282611846923828, -15.600133895874023, -14.917656898498535, -14.23517894744873, -13.552701950073242, -12.870223999023438, -12.187746047973633, -11.505268096923828, -10.822792053222656, -10.140314102172852, -9.457837104797363, -8.775359153747559, -8.09288215637207, -7.410404205322266, -6.727926254272461, -6.0454487800598145, -5.362970352172852, -4.680492877960205, -3.9980151653289795, -3.315537452697754, -2.6330599784851074, -1.950582504272461, -1.2681045532226562, -0.5856270790100098, 0.0968475341796875, 0.7793251276016235, 1.4618027210235596, 2.144280433654785, 2.8267579078674316, 3.509235382080078, 4.191713333129883, 4.874190807342529, 5.556667327880859, 6.239144802093506, 6.921622276306152, 7.604100227355957, 8.286577224731445, 8.96905517578125, 9.651533126831055, 10.33401107788086, 11.016489028930664, 11.698966979980469, 12.381443977355957, 13.063921928405762, 13.74639892578125, 14.428876876831055, 15.11135482788086, 15.793832778930664, 16.47631072998047, 17.158788681030273, 17.841266632080078, 18.52374267578125, 19.206220626831055, 19.88869857788086, 20.571176528930664, 21.25365447998047, 21.93613052368164]}, "gradients/Encoder.FC_var.bias": {"_type": "histogram", "values": [1.0, 1.0, 0.0, 0.0, 0.0, 0.0, 0.0, 0.0, 0.0, 0.0, 1.0, 1.0, 1.0, 1.0, 0.0, 0.0, 0.0, 0.0, 0.0, 1.0, 0.0, 2.0, 0.0, 1.0, 0.0, 1.0, 1.0, 0.0, 0.0, 0.0, 0.0, 0.0, 1.0, 0.0, 0.0, 0.0, 2.0, 1.0, 1.0, 0.0, 0.0, 0.0, 0.0, 0.0, 0.0, 0.0, 0.0, 0.0, 0.0, 0.0, 0.0, 0.0, 0.0, 1.0, 0.0, 0.0, 1.0, 0.0, 0.0, 0.0, 0.0, 0.0, 0.0, 1.0],