{"loss": 11637.8125, "_timestamp": 1672920310.0526066, "_runtime": 82.16919755935669, "_step": 920}